{"cameraMode":{"drawMode":0,"name":"Shaded","section":"Shading Mode"},"sceneLighting":false,"audioPlay":false,"sceneViewState":{"showFog":true,"showMaterialUpdate":false,"showSkybox":false,"showFlares":true,"showImageEffects":true,"showParticleSystems":true},"in2DMode":false,"pivot":{"x":-43.28899383544922,"y":-215.5,"z":1.9997899532318116},"rotation":{"x":0.20797742903232575,"y":0.06655524671077728,"z":-0.014182660728693009,"w":0.9757636785507202},"size":2.8578836917877199,"orthographic":true}