{"cameraMode":{"drawMode":0,"name":"Shaded","section":"Shading Mode"},"sceneLighting":false,"audioPlay":false,"sceneViewState":{"showFog":true,"showMaterialUpdate":false,"showSkybox":true,"showFlares":true,"showImageEffects":true,"showParticleSystems":true},"in2DMode":false,"pivot":{"x":327.0946044921875,"y":283.5250549316406,"z":-63.17693328857422},"rotation":{"x":0.35143420100212099,"y":-0.2528901994228363,"z":0.09920628368854523,"w":0.8959444165229797},"size":54.85087585449219,"orthographic":false}