{"cameraMode":{"drawMode":0,"name":"Shaded","section":"Shading Mode"},"sceneLighting":false,"audioPlay":false,"sceneViewState":{"showFog":true,"showMaterialUpdate":false,"showSkybox":true,"showFlares":true,"showImageEffects":true,"showParticleSystems":true},"in2DMode":false,"pivot":{"x":20.824127197265626,"y":5.514404773712158,"z":22.223705291748048},"rotation":{"x":-0.19966593384742738,"y":0.35828647017478945,"z":-0.0787375271320343,"w":-0.9086209535598755},"size":14.563332557678223,"orthographic":false}