{"cameraMode":{"drawMode":0,"name":"Shaded","section":"Shading Mode"},"sceneLighting":false,"audioPlay":false,"sceneViewState":{"showFog":true,"showMaterialUpdate":false,"showSkybox":true,"showFlares":true,"showImageEffects":true,"showParticleSystems":true},"in2DMode":false,"pivot":{"x":1.2828389406204224,"y":1.2245218753814698,"z":0.14578169584274293},"rotation":{"x":-0.06476462632417679,"y":-0.005388446152210236,"z":0.00034576893085613847,"w":-0.9979002475738525},"size":6.750001430511475,"orthographic":false}