{"cameraMode":{"drawMode":0,"name":"Shaded","section":"Shading Mode"},"sceneLighting":false,"audioPlay":false,"sceneViewState":{"showFog":true,"showMaterialUpdate":false,"showSkybox":false,"showFlares":true,"showImageEffects":true,"showParticleSystems":true},"in2DMode":false,"pivot":{"x":-0.2689257264137268,"y":3.8280975818634035,"z":6.998133659362793},"rotation":{"x":0.1023755669593811,"y":-0.8938422203063965,"z":0.34906670451164248,"w":0.262156218290329},"size":12.915872573852539,"orthographic":false}