{"cameraMode":{"drawMode":0,"name":"Shaded","section":"Shading Mode"},"sceneLighting":false,"audioPlay":false,"sceneViewState":{"showFog":true,"showMaterialUpdate":false,"showSkybox":true,"showFlares":true,"showImageEffects":true,"showParticleSystems":true},"in2DMode":false,"pivot":{"x":717.9970092773438,"y":354.6107482910156,"z":130.50369262695313},"rotation":{"x":0.18734310567378999,"y":-0.7226762771606445,"z":0.21503542363643647,"w":0.6296151876449585},"size":537.3244018554688,"orthographic":false}