{"cameraMode":{"drawMode":0,"name":"Shaded","section":"Shading Mode"},"sceneLighting":false,"audioPlay":false,"sceneViewState":{"showFog":true,"showMaterialUpdate":false,"showSkybox":true,"showFlares":true,"showImageEffects":true,"showParticleSystems":true},"in2DMode":false,"pivot":{"x":16.31935691833496,"y":4.682595252990723,"z":3.3929662704467775},"rotation":{"x":0.15646100044250489,"y":-0.8431370258331299,"z":0.377747505903244,"w":0.34922969341278078},"size":56.12428283691406,"orthographic":false}