{"cameraMode":{"drawMode":0,"name":"Shaded","section":"Shading Mode"},"sceneLighting":false,"audioPlay":false,"sceneViewState":{"showFog":true,"showMaterialUpdate":false,"showSkybox":false,"showFlares":true,"showImageEffects":true,"showParticleSystems":true},"in2DMode":false,"pivot":{"x":-0.3354561924934387,"y":1.037524700164795,"z":0.37419000267982485},"rotation":{"x":-0.171953484416008,"y":-0.0008869883022271097,"z":0.00015034695388749242,"w":-0.9851182699203491},"size":5.541659355163574,"orthographic":false}