{"cameraMode":{"drawMode":0,"name":"Shaded","section":"Shading Mode"},"sceneLighting":false,"audioPlay":false,"sceneViewState":{"showFog":true,"showMaterialUpdate":false,"showSkybox":true,"showFlares":true,"showImageEffects":true,"showParticleSystems":true},"in2DMode":false,"pivot":{"x":54.84173583984375,"y":3.714862823486328,"z":42.469276428222659},"rotation":{"x":0.0661768838763237,"y":-0.9277504086494446,"z":0.3088019788265228,"w":0.19890469312667848},"size":30.0256404876709,"orthographic":false}