{"cameraMode":{"drawMode":0,"name":"Shaded","section":"Shading Mode"},"sceneLighting":false,"audioPlay":false,"sceneViewState":{"showFog":true,"showMaterialUpdate":false,"showSkybox":true,"showFlares":true,"showImageEffects":true,"showParticleSystems":true},"in2DMode":false,"pivot":{"x":36.145294189453128,"y":22.118677139282228,"z":31.915294647216798},"rotation":{"x":0.2377108782529831,"y":0.0061172316782176498,"z":-0.0014738370664417744,"w":0.9713285565376282},"size":3.0358924865722658,"orthographic":false}